company,ats,ingestion_method,confidence,career_url,tenant,site,board_token,niche,notes,linkedin_url,follow_status
Kimberly-Clark,workday,workday_post,high,https://kimberlyclark.wd1.myworkdayjobs.com/GLOBAL,kimberlyclark,GLOBAL,,cpg,Live,https://www.linkedin.com/company/kimberly-clark/,pending
General Mills,workday,workday_post,high,https://genmills.wd1.myworkdayjobs.com/GMI_External_Careers,genmills,GMI_External_Careers,,food-beverage,Host is genmills not generalmills,https://www.linkedin.com/company/general-mills/,pending
Sonoco,workday,workday_post,high,https://sonoco.wd1.myworkdayjobs.com/CorporateCareers,sonoco,CorporateCareers,,industrial,Live,https://www.linkedin.com/company/sonoco/,pending
3M,workday,workday_post,high,https://3m.wd1.myworkdayjobs.com/Search,3m,Search,,industrial,Live,https://www.linkedin.com/company/3m/,pending
PepsiCo,jibe,jibe_jobs_json,high,https://www.pepsicojobs.com/main,,,,food-beverage,Jibe /api/jobs; unwrap jobs[].data; iCIMS apply backend,https://www.linkedin.com/company/pepsico/,pending
Procter & Gamble,phenom,phenom_widgets,high,https://www.pgcareers.com/us/en,PGBPGNGLOBAL,,,cpg,POST /widgets refineSearch; refNum PGBPGNGLOBAL,https://www.linkedin.com/company/procter-and-gamble/,pending
The Coca-Cola Company,cws,cws_mcloud_jsonp,high,https://careers.coca-colacompany.com,2110,,,food-beverage,CWS widget; jobsapi-internal.m-cloud.io org 2110; Workday-backed,https://www.linkedin.com/company/the-coca-cola-company/,pending
DuPont,phenom,phenom_widgets,high,https://careers.dupont.com/us/en,DUPOUS,,,industrial,POST /widgets refineSearch; refNum DUPOUS,https://www.linkedin.com/company/dupont/,pending
Nestlé,successfactors,successfactors,medium,https://www.nestlejobs.com,,,,food-beverage,No public RMK JSON,https://www.linkedin.com/company/nestle-s-a-/,pending
Berlin Packaging,greenhouse,greenhouse_get,high,https://job-boards.greenhouse.io/berlinpackaging,,,berlinpackaging,industrial,Public Job Board API,https://www.linkedin.com/company/berlin-packaging/,pending
Ernest Packaging,greenhouse,greenhouse_get,high,https://job-boards.greenhouse.io/ernestpackagingsolutions,,,ernestpackagingsolutions,industrial,Public Job Board API; no packaging-titled roles in latest pull,,pending
Amazon,amazon,amazon_search_json,high,https://www.amazon.jobs,,,,industrial,search.json; semiconductor packaging filtered out; Too broad — skip LinkedIn follow unless intentional,https://www.linkedin.com/company/amazon/,skipped
Kenvue,workday,workday_post,high,https://kenvue.wd5.myworkdayjobs.com/kenvue,kenvue,kenvue,,cpg,Live Workday site slug kenvue,https://www.linkedin.com/company/kenvue/,pending
Clorox,workday,workday_post,high,https://clorox.wd1.myworkdayjobs.com/Clorox,clorox,Clorox,,cpg,Live Workday; drop packer/operator titles,https://www.linkedin.com/company/the-clorox-company/,pending
Conagra Brands,workday,workday_post,high,https://conagrabrands.wd1.myworkdayjobs.com/Careers_US,conagrabrands,Careers_US,,food-beverage,Live Workday Careers_US; packaging engineer titles on board,https://www.linkedin.com/company/conagra-brands/,pending
Campbell's,workday,workday_post,high,https://campbellsoup.wd5.myworkdayjobs.com/ExternalCareers_GlobalSite,campbellsoup,ExternalCareers_GlobalSite,,food-beverage,Live Workday; drop plant operators/techs; CPG package designer,https://www.linkedin.com/company/campbells/,pending
Church & Dwight,workday,workday_post,high,https://churchdwight.wd1.myworkdayjobs.com/chdcareers,churchdwight,chdcareers,,cpg,Live Workday US site chdcareers; Princeton packaging engineers,https://www.linkedin.com/company/church-%26-dwight-co-/,pending
SC Johnson,workday,workday_post,high,https://scj.wd5.myworkdayjobs.com/External_Career_Site,scj,External_Career_Site,,cpg,Live Workday; Racine packaging engineer; TalentBrew front end,https://www.linkedin.com/company/sc-johnson/,pending
J.M. Smucker,workday,workday_post,high,https://smucker.wd5.myworkdayjobs.com/US_External_Careers,smucker,US_External_Careers,,food-beverage,Live Workday; Orrville packaging R&D,https://www.linkedin.com/company/the-j-m-smucker-company/,pending
Unilever,workday,workday_post,high,https://unilever.wd3.myworkdayjobs.com/Unilever_Experienced_Professionals,unilever,Unilever_Experienced_Professionals,,cpg,Live Workday; US packaging hits are plant operators,https://www.linkedin.com/company/unilever/,pending
Johnson & Johnson,workday,workday_post,high,https://jj.wd5.myworkdayjobs.com/JJ,jj,JJ,,pharma,Live Workday; medical/pharma package engineers,https://www.linkedin.com/company/johnson-%26-johnson/,pending
Mars,phenom,phenom_widgets,high,https://careers.mars.com/us/en,MARSGLOBAL,,,food-beverage,Phenom widgets; Engineer Packaging Development Franklin TN,https://www.linkedin.com/company/mars/,pending
Ball Corporation,successfactors,successfactors,high,https://jobs.ball.com,,,,cpg,SF RMK RSS; retagged from Phenom,https://www.linkedin.com/company/ball-corporation/,pending
Sealed Air,successfactors,successfactors,high,https://jobs.sealedair.com,,,,industrial,SF RMK RSS; Cryovac Duncan; retagged from Phenom,https://www.linkedin.com/company/sealed-air/,pending
Amcor,successfactors,successfactors,high,https://jobs-sf.amcor.com,,,,industrial,SF RMK at jobs-sf.amcor.com not amcor.com/careers,https://www.linkedin.com/company/amcor/,pending
WK Kellogg Co,phenom,phenom_widgets,high,https://jobs.wkkellogg.com/us/en/search-results,WKNWKIUS,,,food-beverage,Phenom CareerConnect; Battle Creek packaging engineer,https://www.linkedin.com/company/wk-kellogg-co/,pending
Silgan Containers,workday,workday_post,high,https://silgancontainers.wd1.myworkdayjobs.com/silgan,silgancontainers,silgan,,industrial,Live Workday packaging manufacturer,https://www.linkedin.com/company/silgan-containers/,pending
Silgan Dispensing,workday,workday_post,high,https://silgandispensing.wd501.myworkdayjobs.com/silgan,silgandispensing,silgan,,industrial,Live Workday; wd501 host,https://www.linkedin.com/company/silgan-dispensing/,pending
Aptar,successfactors,successfactors,high,https://jobs.aptar.com,,,,industrial,SuccessFactors RSS not Workday,https://www.linkedin.com/company/aptar/,pending
Autoliv,teamtailor,teamtailor_json,high,https://careerunitedstates.autoliv.com/jobs,,,,automotive,Teamtailor US board jobs.json; not Workday,https://www.linkedin.com/company/autoliv/,pending
General Motors,workday,workday_post,high,https://generalmotors.wd5.myworkdayjobs.com/Careers_GM,generalmotors,Careers_GM,,automotive,US auto OEM; container/returnable packaging engineers,https://www.linkedin.com/company/general-motors/,pending
Magna,workday,workday_post,high,https://magna.wd3.myworkdayjobs.com/Magna,magna,Magna,,automotive,US/Canada auto supplier; returnable packaging engineers,https://www.linkedin.com/company/magna-international/,pending
Menasha,workday,workday_post,high,https://menasha.wd12.myworkdayjobs.com/MenashaCorp,menasha,MenashaCorp,,industrial,ORBIS parent; returnable/dunnage; Neenah WI HQ,https://www.linkedin.com/company/menasha-corporation/,pending
International Paper,oracle,oracle_ce,medium,https://iazbqy.fa.ocs.oraclecloud.com/hcmUI/CandidateExperience/en/sites/CX_1,,CX_1,,industrial,Oracle Cloud HCM; jobs.internationalpaper.com redirects here,,pending
Avery Dennison,unknown,none,low,https://www.averydennison.com/en/home/careers/search-jobs.html,,,,industrial,Springboard JS widget; no public JSON / not Workday,,pending
Amway,unknown,none,low,https://www.amway.com/careers,,,,cpg,MSU gap; Ada MI; verify ATS,,pending
Perrigo,unknown,none,low,https://www.perrigo.com/careers,,,,pharma,MSU gap; Allegan MI OTC/pharma packaging,https://www.linkedin.com/company/perrigo/,pending
Ford,unknown,none,low,https://corporate.ford.com/careers.html,,,,automotive,MSU auto dunnage expansion; electronics-packaging leak risk,,pending
Adient,unknown,none,low,https://www.adient.com/careers,,,,automotive,MSU auto returnable/dunnage expansion,,pending
CHEP,unknown,none,low,https://www.chep.com/careers,,,,industrial,VT unit-load/pallet gap,,pending
Eastman,unknown,none,low,https://www.eastman.com/careers,,,,industrial,VT radius materials; packaging R&D if titled,,pending
Altria,unknown,none,low,https://www.altria.com/careers,,,,cpg,VT/Richmond packaging R&D,,pending
Colgate-Palmolive,successfactors,successfactors,medium,https://jobs.colgate.com,,,,cpg,SF RMK; packaging search currently operators only; skip ingest until engineer titles,,pending
Green Bay Packaging,unknown,none,low,https://www.gbp.com/careers,,,,industrial,Stout corrugated; classifier on,,pending
Sargento,unknown,none,low,https://www.sargento.com/careers,,,,food-beverage,Stout Wisconsin CPG,,pending
Constellation Brands,unknown,none,low,https://www.cbrands.com/careers,,,,food-beverage,RIT gap; Victor NY package-dev,,pending
LiDestri,unknown,none,low,https://lidestri.com/careers,,,,food-beverage,RIT Finger Lakes food packaging,,pending
Wegmans,unknown,none,low,https://jobs.wegmans.com,,,,food-beverage,RIT; brand packaging only not store ops,,pending
E&J Gallo,unknown,none,low,https://careers.gallo.com,,,,food-beverage,Cal Poly gap; Modesto wine/spirits package-dev,,pending
The Wonderful Company,unknown,none,low,https://www.wonderful.com/careers,,,,food-beverage,Cal Poly Central Valley food CPG,,pending
Driscoll's,unknown,none,low,https://www.driscolls.com/careers,,,,food-beverage,Cal Poly produce packaging,,pending
ISOFlex,unknown,none,low,https://www.isoflexpackaging.com/careers,,,,industrial,Clemson flexibles; classifier on,,pending
Smithers,unknown,none,low,https://www.smithers.com/careers,,,,industrial,ISTA/distribution lab; Akron OH + Lansing MI; MSU-adjacent,,pending
TEN-E Packaging Services,unknown,none,low,https://www.ten-e.com/careers,,,,industrial,ISTA/DG/medical lab; Newport MN + NC; Stout/Twin Cities,,pending
Westpak,unknown,none,low,https://westpak.com/careers,,,,industrial,ISTA/medical/APASS lab; San Jose + San Diego; Cal Poly,,pending
Packaging Compliance Labs,unknown,none,low,https://pkgcompliance.com/careers-internships/,,,,pharma,Medical ISO 11607 lab; Grand Rapids; MSU intern pipeline,,pending
DDL,unknown,none,low,https://www.ddltesting.com/careers,,,,pharma,Medical device package validation; Eden Prairie MN / Fountain Valley CA,,pending
Gaynes Labs,unknown,none,low,https://go.gaynestesting.com,,,,industrial,Independent ISTA lab; Bridgeview IL,,pending
Purple Diamond,unknown,none,low,https://purple-diamond.com/careers,,,,industrial,ISTA/cold-chain/e-comm lab; Bethlehem PA; Rutgers,,pending
Advanced Packaging Technology Laboratories,unknown,none,low,https://advanced-labs.com/careers,,,,industrial,ISTA/APASS lab; Buffalo Grove IL,,pending
Applus+ Keystone,unknown,none,low,https://keystonecompliance.com/careers,,,,industrial,ISTA/APASS; New Castle PA + Durham NC; ex-Keystone Compliance,,pending
Modality Solutions,unknown,none,low,https://www.modality-solutions.com/careers,,,,pharma,Pharma cold-chain transport simulation; Bloomington IN,,pending
Nelson Labs,unknown,none,low,https://www.nelsonlabs.com/careers,,,,pharma,Sterile barrier / ISO 11607; keyword packaging only,,pending
Intertek,unknown,none,low,https://www.intertek.com/careers,,,,industrial,TIC with packaging practice; do not ingest whole board,,pending
SGS,unknown,none,low,https://www.sgs.com/careers,,,,industrial,TIC with packaging practice; do not ingest whole board,,pending
Element Materials Technology,unknown,none,low,https://www.element.com/careers,,,,industrial,TIC with packaging practice; do not ingest whole board,,pending
Abbott,workday,workday_post,high,https://abbott.wd5.myworkdayjobs.com/abbottcareers,abbott,,,pharma,Live packaging board employer,https://www.linkedin.com/company/abbott-/,pending
Baxter,workday,workday_post,high,https://baxter.wd1.myworkdayjobs.com/baxter,baxter,,,pharma,Live packaging board employer,https://www.linkedin.com/company/baxter-healthcare/,pending
Thermo Fisher Scientific,workday,workday_post,high,https://thermofisher.wd5.myworkdayjobs.com/ThermoFisherCareers,thermofisher,ThermoFisherCareers,,pharma,Live packaging board employer,https://www.linkedin.com/company/thermo-fisher-scientific/,pending
BD,workday,workday_post,high,https://bdx.wd1.myworkdayjobs.com/EXTERNAL_CAREER_SITE_USA,bdx,,,pharma,Becton Dickinson; live packaging board employer,https://www.linkedin.com/company/bdcompany/,pending
Edwards Lifesciences,workday,workday_post,high,https://edwards.wd5.myworkdayjobs.com/EdwardsCareers,edwards,EdwardsCareers,,pharma,Live packaging board employer,https://www.linkedin.com/company/edwards-lifesciences/,pending
Stryker,workday,workday_post,high,https://stryker.wd1.myworkdayjobs.com/StrykerCareers,stryker,StrykerCareers,,pharma,Live packaging board employer,https://www.linkedin.com/company/stryker/,pending
Tyson Foods,workday,workday_post,high,https://tyson.wd5.myworkdayjobs.com/Tyson,tyson,,,food-beverage,Live packaging board employer,https://www.linkedin.com/company/tyson-foods/,pending
Zimmer Biomet,workday,workday_post,high,https://zimmerbiomet.wd5.myworkdayjobs.com/zimmerbiometcareers,zimmerbiomet,,,pharma,Live packaging board employer,https://www.linkedin.com/company/zimmerbiomet/,pending
The Hershey Company,successfactors,successfactors,high,https://careers.thehersheycompany.com,,,,food-beverage,Live packaging board employer,https://www.linkedin.com/company/the-hershey-company/,pending
